,symbol,marketCap,trailingPE,priceToBook,profitMargins,revenue,grossProfits,totalAssets,totalLiab,totalCash
0,MMM,52994813952,,11.342949,-0.22594,,15000000000,,,5213000192
1,AOS,11304207360,37.81592,6.005373,0.07872,,1329600000,,,341800000
2,ABT,178588499968,34.989796,4.764706,0.12918,,24579000000,,,7047000064
3,ABBV,244827422720,37.99178,20.243795,0.118140005,,41527000000,,,13290000384
4,ACN,209817206784,31.04461,8.168236,0.10718001,,20731607000,,,9049607168
5,ADM,39630209024,10.333797,1.5756549,0.04063,,7570000000,,,1498000000
6,ADBE,282026475520,55.55426,17.90467,0.27115,,15441000000,,,7516000256
7,ADP,94871609344,27.394299,27.345583,0.19075,,8510000000,,,1456300032
8,AES,11336818688,,5.839945,-0.04389,,2548000000,,,2303000064
9,AFL,48468480000,11.361644,2.147314,0.22721,,8080000000,,,7790000128
10,A,37047369728,33.1466,6.328152,0.18146999,,3722000000,,,1590000000
11,ABNB,82275672064,15.616787,8.9913845,0.56869,,6900000000,,,10961999872
12,APD,60996096000,26.676386,4.26143,0.18256001,,3360100000,,,1962200064
13,AKAM,17142056960,34.33535,3.9675336,0.13758999,,2237817000,,,939262016
14,ALK,4763571712,18.507463,1.1553512,0.025020001,,2357000000,,,2451000064
15,ALB,15123280896,4.5682383,1.5279275,0.33633,,3077787000,,,1601667968
16,ARE,18277654528,76.21739,0.9812025,0.08801,,1806454000,,,532390016
17,ALGN,16809776128,46.5,4.4202766,0.0953,,2636675000,,,1283805056
18,ALLE,9221209088,16.620253,7.484147,0.15411,,1322400000,,,364300000
19,LNT,12695155712,18.223444,1.8874725,0.16707,,1709000000,,,206000000
20,ALL,35749060608,,2.8424294,-0.03534,,6443000000,,,4228999936
21,GOOGL,1719573938176,26.185825,6.274501,0.22459,,156633000000,,,119935000576
22,GOOG,1719567384576,26.478928,6.3447328,0.22459,,156633000000,,,119935000576
23,MO,73345916928,8.463265,,0.42605,,14183000000,,,1536999936
24,AMZN,1516411289600,76.82723,8.284311,0.03624,,225152000000,,,64169000960
25,AMCR,13528382464,14.181817,3.467951,0.06711,,2725000000,,,537000000
26,AMD,197591810048,1111.909,3.5934424,0.0094099995,,12051000000,,,5784999936
27,AEE,20291465216,17.498867,1.8371621,0.15145999,,3343000000,,,8000000
28,AAL,8045089792,5.1506276,,0.030350002,,11443000000,,,10581999616
29,AEP,41281265664,18.004587,1.630288,0.11699,,8414100000,,,564300032
30,AXP,119820410880,15.409559,4.386756,0.14735,,28776000000,,,44073000960
31,AIG,45780029440,11.32118,1.1631972,0.082770005,,24968000000,,,15038000128
32,AMT,92916006912,133.77182,20.49563,0.0646,,7447300000,,,2118899968
33,AWK,25712740352,27.228867,2.5980208,0.2226,,2203000000,,,700000000
34,AMP,35562299392,16.952244,9.314321,0.14291,,7844000000,,,7266999808
35,AME,36046188544,28.344826,4.32081,0.19677,,2145269000,,,841900992
36,AMGN,142068350976,18.867092,18.553257,0.28197,,19917000000,,,34740998144
37,APH,54063292416,29.148388,6.880902,0.1541,,4028200000,,,1734000000
38,ADI,91216379904,24.870924,2.55421,0.26936,,7803870000,,,958060992
39,ANSS,25879406592,53.772564,5.166762,0.22399999,,1884284000,,,639513024
40,AON,66075283456,25.058466,,0.20737,,5823000000,,,868000000
41,APA,11311797248,7.361277,10.495163,0.18070999,,7636000000,,,95000000
42,AAPL,2954565517312,30.939741,47.528145,0.25305998,,170782000000,,,61554999296
43,AMAT,125764517888,18.560492,7.687666,0.25855,,11993000000,,,6869000192
44,APTV,23508662272,10.349938,2.1809068,0.11542,,2646000000,,,1808000000
45,ACGL,32316694528,11.174193,2.229373,0.23319,,2847711000,,,2553999872
46,ANET,67941130240,36.33777,10.439293,0.33971,,2675696000,,,4455603200
47,AJG,54608211968,48.545105,5.2186112,0.123430006,,3643900000,,,1116000000
48,AIZ,8719521792,16.883911,1.9471749,0.04889,,714400000,,,1715699968
49,T,115901816832,,1.1175456,-0.09285,,69893000000,,,7633999872
50,ATO,16631552000,18.360657,1.5299919,0.20719999,,1808845000,,,15404000
51,ADSK,43483873280,48.089832,29.374727,0.17153,,4583000000,,,1954000000
52,AZO,47399387136,20.325142,,0.14484,,9070422000,,,316692992
53,AVB,24621142016,26.30804,2.0877638,0.34207,,1689582000,,,532758016
54,AVY,15280008192,31.942762,7.4068003,0.05831,,2404200000,,,243900000
55,AXON,17116378112,116.54081,11.252217,0.099589996,,728638000,,,1190579968
56,BKR,34338365440,20.293413,2.2366683,0.06856,,4431000000,,,4252999936
57,BALL,17114536960,28.270834,4.345181,0.0429,,2583000000,,,1358000000
58,BAC,235275190272,8.327731,0.91067815,0.3152,,92407000000,,,860959014912
59,BBWI,6828251136,9.533333,,0.09899,,3255000000,,,412000000
60,BAX,18273810432,78.304344,2.2556202,0.16962999,,6031000000,,,5788000256
61,BDX,69304139776,46.9332,2.6892335,0.07661,,8614000000,,,1424000000
62,WRB,18522945536,14.481855,2.680224,0.11447,,4811560000,,,2471122944
63,BRK.B,,,,,,,,,
64,BBY,15128017920,12.005182,5.3837814,0.02931,,9912000000,,,636000000
65,BIO,9013275648,,1.0776471,-0.05856,,1568430000,,,1758993024
66,TECH,10123182080,42.111843,5.073716,0.21565,,770215000,,,148663008
67,BIIB,33609091072,23.033764,2.3204978,0.14628,,7895100000,,,2287899904
68,BLK,108611133440,31.348215,2.8152122,0.30663002,,8787000000,,,7070000128
69,BX,129419706368,44.76987,10.777598,0.21798,,7053217000,,,3193616896
70,BK,36415606784,11.088993,1.0079614,0.2125,,16338000000,,,160353992704
71,BA,133094948864,,,-0.0374,,5768000000,,,13372000256
72,BKNG,108702629888,22.026089,,0.257,,14625000000,,,13918000128
73,BWA,8071789056,8.37561,1.399405,0.04231,,3101000000,,,949000000
74,BXP,8429247488,43.666664,1.4563054,0.06481,,1952127000,,,882646976
75,BSX,81496834048,67.84147,4.3147445,0.08926,,8679000000,,,952000000
76,BMY,101249654784,12.629441,3.4902153,0.18438,,36378000000,,,7685000192
77,AVGO,510525702144,30.119078,16.529102,0.39254,,24947000000,,,11105000448
78,BR,21951754240,33.083332,10.386307,0.10809,,1785400000,,,234700000
79,BRO,21211088896,28.338402,4.0757957,0.18247,,1750000000,,,768899968
80,BF.B,,,,,,,,,
81,BG,15692557312,8.359907,1.5422069,0.03204,,3918000000,,,2295000064
82,CHRW,9624873984,24.55655,6.841625,0.021170001,,1891731000,,,174732992
83,CDNS,73622700032,76.87784,23.642319,0.24422,,3190095000,,,961982016
84,CZR,9935649792,14.042684,2.1609197,0.06161,,5420000000,,,841000000
85,CPT,9473790976,43.495102,1.9858998,0.14774,,905813000,,,14600000
86,CPB,12247146496,14.438598,3.3496134,0.0917,,2935000000,,,189000000
87,COF,40586866688,7.9827714,0.831623,0.20554,,28403000000,,,46778998784
88,CAH,26192152576,174.2131,,0.00074,,,,,3854000128
89,KMX,10180139008,22.433569,1.694978,0.01589,,2800203000,,,521097984
90,CCL,18823206912,,2.6171448,-0.08104999,,3810000000,,,2868000000
91,CARR,44452708352,37.57447,5.4316177,0.054250002,,5473000000,,,3902000128
92,CTLT,7209077760,,1.8535342,-0.22356,,1060000000,,,209000000
93,CAT,125927260160,14.022676,6.146048,0.13686,,15565000000,,,8424000000
94,CBOE,19006412800,27.11747,5.017136,0.18614,,1741700000,,,437100000
95,CBRE,24081694720,41.584213,3.0573077,0.01891,,6622158000,,,1252100992
96,CDW,29027792896,27.018702,16.042793,0.05026,,4686600000,,,440700000
97,CE,14471184384,7.1511564,2.2294147,0.18929,,2380000000,,,1356999936
98,COR,40431910912,23.571428,77.452866,0.00666,,8334565000,,,2592050944
99,CNC,39723184128,16.487804,1.5715613,0.01754,,24470000000,,,20430999552
100,CNP,17630087168,22.166668,1.839315,0.09312,,3570000000,,,717000000
101,CDAY,10494857216,2240.6667,4.6253357,0.0027599998,,555600000,,,510300000
102,CF,14971148288,7.282528,2.615924,0.2753,,5861000000,,,3254000128
103,CRL,10100852736,21.310608,3.0552843,0.11266,,1462651000,,,157174000
104,SCHW,102848184320,18.81,3.5944965,0.30069,,20174000000,,,52721999872
105,CHTR,60043689984,13.261026,5.4103193,0.08604,,24485000000,,,571000000
106,CVX,273534959616,10.749258,1.6551298,0.12562001,,98886000000,,,5937999872
107,CMG,60918173696,52.636234,21.136896,0.122729994,,3374024000,,,1454006016
108,CB,92630048768,13.300527,1.7686375,0.14726,,10626000000,,,8040000000
109,CHD,23364405248,53.880684,5.7671957,0.07569,,2250000000,,,573299968
110,CI,84230668288,16.235195,1.8477745,0.02787,,22981000000,,,9328000000
111,CINF,16111313920,9.751187,1.5164225,0.17141001,,-533000000,,,899000000
112,CTAS,56518787072,41.65916,13.870767,0.15363,,,,,88126000
113,CSCO,195884122112,14.610272,4.3310046,0.23402001,,35753000000,,,23897999360
114,C,86564798464,7.1793647,0.45558476,0.18719,,70560000000,,,976478011392
115,CFG,12527412224,6.6509905,0.6004335,0.26711,,7547000000,,,16245999616
116,CLX,17515890688,204.6232,,0.01222,,2905000000,,,518000000
117,CME,78186881024,25.917662,2.7711644,0.57131,,5008800000,,,2404300032
118,CMS,16802689024,22.67323,2.4137642,0.096149996,,2762000000,,,157000000
119,KO,253222125568,23.712551,9.620565,0.23922001,,25004000000,,,15436000256
120,CTSH,35685560320,17.358536,2.7678607,0.107489996,,7039000000,,,2368000000
121,CL,63654891520,40.47644,,0.08293,,10248000000,,,1198000000
122,CMCSA,171387912192,11.860725,2.091561,0.12535,,83214000000,,,6434999808
123,CMA,5770762240,4.955832,1.2598605,0.32204,,3474000000,,,8689000448
124,CAG,13617308672,12.662222,1.5327094,0.08804,,,,,93300000
125,COP,137133981696,12.580609,2.8722425,0.18110001,,39598000000,,,9445999616
126,ED,31401211904,13.435746,1.4888045,0.15574001,,7685000000,,,539000000
127,STZ,43785232384,28.010574,4.6618557,0.15498,,,,,83300000
128,CEG,39558656000,23.773512,3.3909163,0.06403,,2227000000,,,1888999936
129,COO,16805508096,61.36347,2.2312229,0.07834,,2166300000,,,117300000
130,CPRT,48786898944,37.087593,7.609705,0.33139,,1769369000,,,2630548992
131,GLW,24059535360,41.47059,2.0231006,0.045,,4843000000,,,1639000064
132,CTVA,32889702400,29.726112,1.3040684,0.053790003,,7026000000,,,2361999872
133,CSGP,34621014016,85.63636,4.798234,0.16857,,1768391000,,,5229879808
134,COST,261819301888,41.85138,10.4497175,0.025969999,,30095000000,,,15233999872
135,CTRA,20136179712,9.262976,1.5761894,0.35048,,7636000000,,,847000000
136,CCI,44921507840,28.932962,6.7408566,0.21962999,,4918000000,,,117000000
137,CSX,64500883456,17.26984,5.397718,0.26158002,,7390000000,,,1439000064
138,CMI,31962079232,11.481161,2.9988961,0.08401,,6736000000,,,2839000064
139,CVS,89336594432,10.630934,1.2018698,0.02444,,53456000000,,,16188000256
140,DHI,42474299392,9.224313,1.8807908,0.13383001,,10070100000,,,3684499968
141,DHR,163605823488,27.920555,3.1217043,0.20013,,18949000000,,,12277000192
142,DRI,18770341888,19.428394,8.766577,0.09129,,,,,192100000
143,DVA,9067202560,15.413044,7.5609384,0.05113,,3400341000,,,461171008
144,DE,106615087104,10.965344,4.8514514,0.16597,,14486000000,,,5824000000
145,DAL,23229011968,6.8113203,2.5055523,0.0594,,9680000000,,,5005000192
146,XRAY,6635454976,,1.9654847,-0.054369997,,2127000000,,,309000000
147,DVN,29055746048,7.7257237,2.4975216,0.25425,,11329000000,,,654000000
148,DXCM,43640942592,124.12087,19.245186,0.11078,,1883100000,,,3240300032
149,FANG,27676450816,8.770845,1.6984097,0.41193,,8173000000,,,827000000
150,DLR,42223681536,47.23183,2.3678186,0.17401,,2660775000,,,1094531968
151,DFS,21697531904,6.4274073,1.6462396,0.34445,,10465000000,,,9208000512
152,DIS,171082842112,74.46512,1.7706912,0.02648,,28321000000,,,14181999616
153,DG,27539849216,12.856558,4.3728876,0.05588,,11820098000,,,353017984
154,DLTR,25811103744,21.33091,2.8569343,0.04157,,8935400000,,,512700000
155,D,39295987712,15.601329,1.4976399,0.09593,,7923000000,,,137000000
156,DPZ,12917132288,25.312372,,0.1164,,1163276000,,,295352000
157,DOV,19541233664,19.188187,4.043711,0.12089,,3070411000,,,283798016
158,DOW,36241182720,28.08152,1.8521705,0.028499998,,8564000000,,,3993999872
159,DTE,21733513216,17.416529,2.0030797,0.089899994,,3668000000,,,36000000
160,DUK,69934407680,19.183931,1.4871266,0.041739997,,13112000000,,,324000000
161,DD,30756601856,36.304565,1.2712632,0.38056,,4615000000,,,1338000000
162,EMN,9705029632,16.443775,1.8133304,0.06239,,2176000000,,,455000000
163,ETN,91327897600,30.57754,4.96807,0.13239999,,6887000000,,,1906000000
164,EBAY,21528119296,8.329317,3.6565585,0.26988,,7115000000,,,8716999680
165,ECL,53389615104,43.443157,7.9819255,0.08181,,5426700000,,,1402400000
166,EIX,25258016768,20.514017,1.8447446,0.07412,,9414000000,,,446000000
167,EW,41181347840,29.017096,6.185661,0.2459,,4303600000,,,1863900032
168,EA,36740759552,37.630856,4.866059,0.13078,,5754000000,,,2304999936
169,ELV,112481927168,18.620382,2.926813,0.03633,,40112000000,,,38895001600
170,LLY,570628440064,108.698006,48.176643,0.15554,,21911600000,,,2623500032
171,EMR,50459549696,23.79301,2.4470558,0.87168,,8188000000,,,8050999808
172,ENPH,13685142528,25.117794,13.4415245,0.21076,,974595000,,,1783884032
173,ETR,21379919872,14.567723,1.5615345,0.11622,,5278351000,,,1519773952
174,EOG,72019025920,9.168523,2.5941017,0.33224,,20132000000,,,5326000128
175,EPAM,14740747264,31.854113,4.4670396,0.0996,,1560315000,,,1933408000
176,EQT,16802911232,5.59589,1.1831319,0.47671002,,9722660000,,,64750000
177,EFX,25966751744,50.057007,6.047406,0.10145,,2945000000,,,412600000
178,EQIX,74637303808,85.48387,6.278976,0.116210006,,2971686000,,,2357497088
179,EQR,21579771904,32.66092,1.9574277,0.23989001,,1752599000,,,39250000
180,ESS,14266727424,26.313726,2.4914138,0.30945,,1122739000,,,403193984
181,EL,44340826112,81.51974,8.300509,0.03536,,,,,3089999872
182,ETSY,8600157184,29.076923,,0.12304,,1821519000,,,976888000
183,EG,17974472704,7.657117,1.6014985,0.15607001,,852900000,,,4168000000
184,EVRG,11612395520,17.077702,1.1911213,0.12157,,2634100000,,,41000000
185,ES,20701059072,17.742516,1.3195279,0.095249996,,5409934000,,,78813000
186,EXC,39011172352,18.227905,1.5316371,0.10192,,8114000000,,,303000000
187,EXPE,18941644800,24.985348,11.404448,0.06698,,10010000000,,,5056000000
188,EXPD,17174801408,22.121721,6.898102,0.07774,,2275468000,,,1639427968
189,EXR,27774703616,23.984905,1.8475133,0.34127,,1515898000,,,264732000
190,XOM,418920988672,10.38431,2.0750897,0.11738,,133715000000,,,32944001024
191,FFIV,10036183040,25.623476,3.5540001,0.14039,,2156218000,,,803323008
192,FDS,17478887424,38.1834,10.80045,0.22448999,,1112283000,,,460776992
193,FICO,26432184320,63.286396,,0.28369,,1075096000,,,136778000
194,FAST,34844733440,30.787878,10.047799,0.15572,,3215800000,,,297500000
195,FRT,7576987136,26.776163,2.7617533,0.2567,,730580000,,,105400000
196,FDX,64768303104,15.727106,2.4409678,0.04713,,24396000000,,,
197,FITB,18557714432,7.7635326,1.2861661,0.31053,,7823000000,,,7366000128
198,FSLR,16494577664,34.9276,2.617187,0.14987999,,127658000,,,1822473984
199,FE,21598394368,39.62105,2.0621266,0.04123,,8231000000,,,118000000
200,FIS,32882860032,,1.6869301,-1.65729,,5708000000,,,466000000
201,FI,75503394816,26.373167,2.5608144,0.15845,,9745000000,,,1348999936
202,FLT,16896480256,18.353725,5.52262,0.25684,,2662422000,,,1139734016
203,FMC,6623455232,11.295745,2.012662,0.10012999,,2326800000,,,323800000
204,F,41630679040,6.7973857,0.94049555,0.03537,,17215000000,,,28999999488
205,FTNT,41029431296,37.104164,562.4211,0.22246,,3332500000,,,3168800000
206,FTV,23739367424,28.991419,2.355382,0.1377,,3363400000,,,714099968
207,FOXA,14232902656,14.863415,1.4212416,0.06973,,5224000000,,,3828999936
208,FOX,14232912896,13.873171,1.3265545,0.06973,,5224000000,,,3828999936
209,BEN,11780990976,13.848837,0.9913022,0.11247,,3515300000,,,3686400000
210,FCX,52827824128,24.56,3.2096186,0.09498999,,9710000000,,,5744999936
211,GRMN,23156791296,22.330257,3.6482291,0.20601,,2806775000,,,1695905024
212,IT,33635780608,36.76572,59.202496,0.15975,,3782075000,,,1257472000
213,GEHC,33555961856,21.872404,4.7053943,0.08914,,7179000000,,,2408000000
214,GEN,13628008448,9.538116,5.6479025,0.37543,,,,,629000000
215,GNRC,6929484800,44.584984,2.9284248,0.04716,,1522004000,,,161524992
216,GD,67632062464,20.70426,3.3828366,0.07965,,6622000000,,,1352000000
217,GE,130574147584,12.483871,4.5551887,0.11897001,,18536000000,,,18080999424
218,GIS,37887762432,15.897561,3.691454,0.120670006,,6545800000,,,490900000
219,GM,38591946752,3.9578652,0.5297391,0.05829,,21154000000,,,30774999040
220,GPC,19263066112,15.5079,4.602861,0.05435,,7740104000,,,654636992
221,GILD,93926498304,16.141327,4.2125854,0.21451999,,21624000000,,,7974000128
222,GL,11419422720,14.997528,2.4739516,0.14633,,1350660000,,,169480000
223,GPN,29327611904,34.338413,1.3067034,0.09228,,5228998000,,,1941777024
224,GS,110600880128,16.336704,1.0996511,0.17762,,37530000000,,,978152980480
225,HAL,34065682432,13.079038,3.7229779,0.11517,,3243000000,,,2036000000
226,HIG,23505174528,10.749657,1.7711048,0.09603,,7379000000,,,3415000064
227,HAS,6403958784,,2.9133263,-0.1033,,2915700000,,,184400000
228,HCA,67498745856,12.453333,,0.090500005,,23177000000,,,994000000
229,PEAK,9108782080,37.840908,1.4106582,0.112270005,,1194700000,,,102158000
230,HSIC,9097857024,20.612425,2.5553844,0.03506,,3831000000,,,137000000
231,HSY,39198175232,20.655172,9.878884,0.17106001,,4498547000,,,471252000
232,HES,44663992320,30.612633,5.152546,0.14339,,7741000000,,,2018000000
233,HPE,20307675136,19.072289,0.9846364,0.03639,,9506000000,,,2219000064
234,HLT,43548643328,34.37652,,0.30517,,2737000000,,,698000000
235,HOLX,17572139008,39.202183,3.4563498,0.11314,,3310500000,,,2738700032
236,HD,310721773568,19.916666,216.36491,0.10216,,52778000000,,,2058000000
237,HON,127505743872,23.966543,7.399855,0.1487,,11641000000,,,7934000128
238,HRL,17880860672,20.45,2.3181014,0.07196,,2164686000,,,686547008
239,HST,12463104000,16.590477,1.7886846,0.14359,,1530000000,,,916000000
240,HWM,21521858560,33.94156,5.641662,0.099659994,,1596000000,,,424000000
241,HPQ,28304023552,12.291845,,0.060739998,,12335000000,,,3235000064
242,HUBB,16115049472,22.836626,5.8832855,0.13216,,1481500000,,,590700032
243,HUM,63803506688,21.415703,3.7644272,0.029460002,,17180000000,,,30293000192
244,HBAN,15755110400,7.205298,0.9847936,0.32586,,6956000000,,,12279000064
245,HII,9467699200,17.987925,2.5398278,0.0478,,1440000000,,,109000000
246,IBM,141697794048,20.049095,6.1391773,0.11319,,32688000000,,,10977999872
247,IEX,15065357312,24.503075,4.4478436,0.18737,,1435400000,,,587299968
248,IDXX,39713660928,48.793877,30.615274,0.22930999,,2004338000,,,331696000
249,ITW,72769282048,23.480583,24.23104,0.19553,,6503000000,,,990000000
250,ILMN,15616391168,,2.634413,-0.25195998,,3145000000,,,933000000
251,INCY,12043617280,28.585108,2.4421723,0.11776,,1593729000,,,3516453120
252,IR,28874170368,38.766304,3.0222018,0.11474,,2325600000,,,1225699968
253,PODD,13124097024,108.64162,21.603449,0.07707,,805600000,,,685400000
254,INTC,185335349248,,1.8203652,-0.0311,,26866000000,,,25030000640
255,ICE,65472720896,26.540604,2.5700421,0.32032,,7292000000,,,837000000
256,IFF,19077001216,1245.5001,1.1235905,0.00155,,4151000000,,,629000000
257,IP,11394339840,15.105504,1.2827705,0.01306,,6018000000,,,1148999936
258,IPG,11727583232,12.811715,3.186596,0.09956,,2125900000,,,1676700032
259,INTU,157903503360,67.15119,9.1596575,0.16591999,,11388000000,,,
260,ISRG,111962423296,74.65023,8.927348,0.22139,,4196000000,,,6475700224
261,IVZ,6208340480,10.623077,0.55217916,0.145,,1897800000,,,1241500032
262,INVH,20499621888,41.185184,1.9944997,0.2067,,1354228000,,,896654976
263,IQV,38691823616,35.572147,6.665304,0.07513,,5028000000,,,1332000000
264,IRM,18456688640,67.24468,70.311455,0.0521,,2914454000,,,170502000
265,JBHT,18880325632,24.63661,4.6987705,0.0589,,2577787000,,,75198000
266,JKHY,11200976896,31.07071,6.7470937,0.17066,,858640000,,,31467000
267,J,15534503936,21.23408,2.3741436,0.040710002,,3328324000,,,926582016
268,JNJ,367110225920,28.558052,5.153768,0.35096002,,63954000000,,,23510999040
269,JCI,35648770048,17.583893,2.1837883,0.07745,,8343000000,,,1057000000
270,JPM,443885649920,9.155635,1.5308075,0.35984,,122306000000,,,1440220971008
271,JNPR,8714662912,24.401785,2.0116296,0.06485,,2958300000,,,1377100032
272,K,18314545152,22.466387,4.541748,0.052059997,,4625000000,,,1131000064
273,KVUE,38776520704,36.160713,3.5595007,0.11071,,8340000000,,,1062000000
274,KDP,45613846528,23.810219,1.7983351,0.13159001,,7332000000,,,260000000
275,KEY,11272569856,9.788618,1.0382891,0.21277,,6743000000,,,2512999936
276,KEYS,24157302784,21.62798,5.1037326,0.19344999,,3450000000,,,2472000000
277,KMB,41374113792,23.544231,60.8499,0.08627,,6219000000,,,814000000
278,KIM,11597841408,26.352112,1.2093594,0.26238,,1196777000,,,424262016
279,KMI,38565060608,15.917431,1.277426,0.1554,,7290000000,,,88000000
280,KLAC,75529256960,24.871979,25.26555,0.30512,,,,,3349320960
281,KHC,42855305216,14.438016,0.8700199,0.110010006,,8235000000,,,1052000000
282,KR,31779379200,19.723215,3.5808072,0.01102,,32808000000,,,2308999936
283,LHX,36204036096,24.583012,1.9437462,0.07959,,4927000000,,,499000000
284,LH,18059927552,21.929897,2.2938728,0.043870002,,4385100000,,,727900032
285,LRCX,94560763904,24.330282,11.775615,0.25084,,,,,5156706816
286,LW,14378208256,14.27482,9.566097,0.17177,,,,,163300000
287,LVS,37398900736,56.22988,8.208054,0.07814,,2585000000,,,5574000128
288,LDOS,14680140800,100.71699,3.5408447,0.0097,,2084000000,,,750000000
289,LEN,35919040512,9.468101,1.4145433,0.11662,,7202144000,,,3921864960
290,LIN,200851128320,34.233055,5.1635504,0.1844,,13914000000,,,3894000128
291,LYV,20183377920,58.42,90.24716,0.02693,,4343730000,,,5948511232
292,LKQ,12266692608,12.840337,2.061151,0.0713,,5223000000,,,401000000
293,LMT,112143237120,16.557144,12.038511,0.102910005,,8387000000,,,3551000064
294,L,15471295488,10.547945,1.075636,0.099309996,,4697000000,,,5120000000
295,LOW,114886287360,15.266105,,0.08495,,32257000000,,,1531000064
296,LULU,54635343872,54.653164,15.48526,0.11396,,4492340000,,,1107529984
297,LYB,30532192256,13.46638,2.3121514,0.05514,,6604000000,,,2900999936
298,MTB,20847896576,7.2029815,0.8619755,0.32371,,7661559000,,,32418449408
299,MRO,14836011008,9.218182,1.3323172,0.26061,,6152000000,,,184000000
300,MPC,56764698624,5.6393814,2.2313433,0.07563,,26565000000,,,13056000000
301,MKTX,8771309568,35.113808,7.3211627,0.33777002,,665336000,,,519208000
302,MAR,61360861184,22.179405,,0.4747,,4282000000,,,717000000
303,MMC,99072950272,28.994228,8.684359,0.15609999,,8884000000,,,2900999936
304,MLM,28554926080,26.11645,3.659725,0.17216,,1425900000,,,647600000
305,MAS,13288213504,16.128065,,0.1039,,2745000000,,,560000000
306,MA,386832596992,35.963383,61.374794,0.44852,,22237000000,,,7491999744
307,MTCH,8706138112,18.096045,,0.1542,,2231180000,,,712817024
308,MKC,17850435584,27.683332,3.53085,0.097950004,,2274500000,,,154700000
309,MCD,204938133504,24.937336,,0.33314,,13207200000,,,3508000000
310,MCK,61390815232,18.250395,,0.01198,,12358000000,,,2524000000
311,MDT,105071960064,25.639612,2.0412543,0.12836,,,,,7734000128
312,MRK,258140635136,56.594448,6.2616024,0.07769,,42077000000,,,8773000192
313,META,869203836928,29.852606,6.086448,0.23421,,92855000000,,,61122998272
314,MET,47039074304,,1.8436321,-0.00303,,14893000000,,,25027000320
315,MTD,23711453184,27.93129,,0.2224,,2308042000,,,69675000
316,MGM,13738469376,13.496645,3.4574056,0.072569996,,6474502000,,,3316359936
317,MCHP,45047406592,18.258772,6.464286,0.28143,,,,,256600000
318,MU,84405567488,,1.9130458,-0.37535,,-1416000000,,,9594000384
319,MSFT,2805157855232,36.64369,12.707225,0.35314998,,,,,143945007104
320,MAA,14700158976,24.534,2.340182,0.27455,,1230709000,,,161896992
321,MRNA,29938417664,,2.2234178,-0.38,,10552000000,,,7573000192
322,MHK,5350578176,,0.73642963,-0.04883,,3014243000,,,518452000
323,MOH,21432246272,22.890411,5.496793,0.02864,,3926000000,,,9676000256
324,TAP,12950161408,51.273506,0.97733825,0.0221,,3655200000,,,801699968
325,MDLZ,97467662336,21.443115,3.4156811,0.12973,,11356000000,,,1610000000
326,MPWR,26324768768,59.52763,13.535339,0.24605,,1048552000,,,1042300992
327,MNST,57401073664,37.53061,7.2908683,0.22615999,,3174567000,,,3010600960
328,MCO,66318082048,44.031593,20.782244,0.26423,,3855000000,,,2079000064
329,MS,129089028096,14.044643,1.4278194,0.18370001,,46437000000,,,541129015296
330,MOS,11900062720,9.217721,0.99207103,0.08802,,5777100000,,,591000000
331,MSI,53249171456,32.473682,147.30946,0.17304,,4394000000,,,910000000
332,MSCI,41787834368,44.065887,,0.39758998,,1844257000,,,924713024
333,NDAQ,31906162688,24.798206,4.20117,0.18386,,3582000000,,,5462000128
334,NTAP,16356686848,14.192028,18.755087,0.19494,,4209000000,,,3014000128
335,NFLX,209893818368,47.860275,9.494169,0.13821,,12447265000,,,7867445760
336,NEM,43322097664,,1.5647504,-0.07354,,4526000000,,,3214000128
337,NWSA,12720019456,91.708336,1.5970106,0.014040001,,4803000000,,,1544999936
338,NWS,12720023552,95.583336,1.66449,0.014040001,,4803000000,,,1544999936
339,NEE,118075908096,15.184696,2.5071883,0.27818,,10139000000,,,1568000000
340,NKE,163818389504,33.22222,11.742119,0.09816,,,,,8789999616
341,NI,10790131712,17.4,1.7802333,0.124639995,,2261100000,,,56000000
342,NDSN,13410380800,27.097925,5.1982408,0.19320999,,1426536000,,,143138000
343,NSC,48813715456,23.642935,3.869499,0.16964,,6156000000,,,1506000000
344,NTRS,15809268736,14.489564,1.4421424,0.17089,,6749200000,,,9727899648
345,NOC,71101906944,15.505425,4.4660816,0.120740004,,7474000000,,,2082000000
346,NCLH,6113357312,,13.937924,-0.02596,,576674000,,,681558016
347,NRG,10360309760,,3.6694388,-0.059559997,,4097000000,,,422000000
348,NUE,38636060672,7.9494185,1.8878531,0.13979,,12526946000,,,6719090176
349,NVDA,1180067299328,114.84616,35.418488,0.42097,,15356000000,,,18281000960
350,NVR,19694282752,13.03784,4.7658744,0.16458,,2823687000,,,2876605952
351,NXPI,51583533056,18.546803,6.0580006,0.21434,,7514000000,,,4041999872
352,ORLY,58402553856,26.31725,,0.14864999,,7381706000,,,82664000
353,OXY,52963119104,13.106753,2.5113754,0.18513,,24571000000,,,611000000
354,ODFL,44116971520,35.97153,10.864436,0.21163,,2491592000,,,206600992
355,OMC,15852533760,11.657932,4.909882,0.09624,,2758800000,,,2769600000
356,ON,29838755840,13.967742,3.9859614,0.26687,,4077200000,,,2679200000
357,OKE,39217332224,12.375,2.4060903,0.14057,,4477026000,,,284000000
358,ORCL,318452924416,34.49555,134.39307,0.18396,,36390000000,,,12083000320
359,OTIS,34803388416,25.691843,,0.09837,,3942000000,,,1636000000
360,PCAR,48122990592,11.7496805,3.003297,0.12009,,4612200000,,,7440000000
361,PKG,13903418368,17.831036,3.5969675,0.10042,,2097600000,,,677200000
362,PANW,83895017472,149.48314,38.45642,0.08518,,,,,3893799936
363,PARA,9411567616,,0.42374903,-0.03652,,10309000000,,,1804000000
364,PH,55716188160,24.039356,5.2734814,0.1192,,6568302000,,,456856000
365,PAYX,42805993472,26.870749,11.931131,0.314,,,,,1691600000
366,PAYC,10299016192,30.563356,6.929229,0.20799999,,1205412000,,,484028000
367,PYPL,60117086208,16.644775,3.050662,0.12926,,11653000000,,,11546999808
368,PNR,10450203648,20.459547,3.4366167,0.12363,,1394700000,,,137000000
369,PEP,232860041216,28.228333,12.383563,0.09049,,46050000000,,,10282999808
370,PFE,172215517184,16.666666,1.7764575,0.15293999,,66233000000,,,44181999616
371,PCG,45834051584,20.95349,1.5931395,0.08068,,7015000000,,,589000000
372,PM,146454347776,18.318445,,0.23379,,20534000000,,,3016999936
373,PSX,52191977472,7.167976,1.6933837,0.05113,,20058000000,,,3539000064
374,PNW,8307537920,17.484488,1.3025159,0.10132,,1707970000,,,15108000
375,PXD,55455215616,11.323964,2.4409256,0.26222,,13262000000,,,274000000
376,PNC,51266486272,8.9375,1.2144145,0.29760998,,20643000000,,,8480999936
377,POOL,13721446400,25.576784,9.674648,0.09649,,1933412000,,,85220000
378,PPG,32174909440,22.817724,4.1510754,0.07842,,6599000000,,,1291000064
379,PPL,19393730560,25.298077,1.3840811,0.095319994,,2887000000,,,353000000
380,PFG,17320632320,11.387147,1.6315577,0.1089,,11026000000,,,5353999872
381,PG,356786044928,24.574677,7.610477,0.18297,,39246000000,,,9733000192
382,PGR,95776202752,35.591305,5.667209,0.046729997,,1687100000,,,1918700032
383,PLD,103484751872,35.66879,1.9317006,0.36896,,4775470000,,,744630976
384,PRU,34562138112,27.045197,1.3400518,0.02577,,9948000000,,,29092999168
385,PEG,32435255296,11.602494,2.1373217,0.2383,,2604000000,,,57000000
386,PTC,18473435136,75.20389,6.8770804,0.117089994,,1547367000,,,288103008
387,PSA,44967657472,23.354395,7.773646,0.47395,,3187137000,,,629772992
388,PHM,18993920000,7.1977124,1.9017808,0.16246,,4838805000,,,1855079936
389,QRVO,9091124224,,2.3855624,-0.03209,,1296942000,,,706835968
390,PWR,26526134272,38.929638,4.429833,0.03568,,2529155000,,,305355008
391,QCOM,142185742336,19.59356,6.594229,0.2019,,25565000000,,,11324000256
392,DGX,15239439360,20.199701,2.3627234,0.08207,,3467000000,,,143000000
393,RL,8049406464,15.905492,3.4010596,0.08116999,,4181200000,,,1466899968
394,RJF,22026565632,13.233376,2.1725786,0.15109,,10143000000,,,14382000128
395,RTX,115086426112,36.857143,1.6641698,0.04757,,13668000000,,,5456000000
396,O,39026741248,40.840908,1.2327358,0.22643,,3110903000,,,367128992
397,REG,11384731648,28.92453,1.6517172,0.28184998,,925155000,,,95688000
398,REGN,86972391424,22.776035,3.4047725,0.30473,,7020000000,,,9913600000
399,RF,14927543296,6.6597505,1.0429527,0.32639998,,6944000000,,,
400,RSG,50467770368,31.085272,4.892183,0.11173,,5459100000,,,157500000
401,RMD,22634518528,24.98052,5.3251204,0.20719999,,2386058000,,,220920992
402,RVTY,11117735936,52.994114,1.4442592,0.26545998,,2040719000,,,1429692032
403,RHI,8605028352,18.384615,5.355919,0.070939995,,3094049000,,,729472000
404,ROK,31305728000,22.826086,8.799639,0.15317,,3102000000,,,1072400000
405,ROL,19424446464,48.3494,17.61633,0.1377,,1387424000,,,143147008
406,ROP,56144576512,45.466263,3.295132,0.48766,,3752800000,,,299500000
407,ROST,44391268352,26.061628,9.561633,0.08748,,5677201000,,,4499496960
408,RCL,26763745280,31.844511,6.0512137,0.06982,,2375604000,,,600116992
409,SPGI,131503685632,54.04948,3.7128136,0.20191999,,7415000000,,,1644999936
410,CRM,218995113984,141.11949,3.766598,0.04772,,22992000000,,,12396999680
411,SBAC,25363154944,51.554825,,0.18201,,1937997000,,,190544992
412,SLB,75136999424,18.263887,3.862251,0.12975,,5161000000,,,3735000064
413,STX,15914719232,,,-0.109069996,,,,,797000000
414,SEE,4844383744,15.746478,11.859972,0.05653,,1772900000,,,281300000
415,SRE,46362591232,17.05324,1.695239,0.16633,,4576000000,,,1164000000
416,NOW,138186571776,86.95484,19.193962,0.18716,,5672000000,,,4067000064
417,SHW,70603096064,29.500532,18.677546,0.10503,,9325100000,,,503400000
418,SPG,45336748032,17.928783,13.541013,0.39944,,4290493000,,,769030976
419,SWKS,15179730944,15.481239,2.4884622,0.20593001,,2604300000,,,734400000
420,SJM,11880324096,,1.6518403,-0.00207,,,,,700899968
421,SNA,14521889792,14.94514,3.006469,0.19663,,2447300000,,,959100032
422,SEDG,4435818496,21.102703,1.7811438,0.06126,,844648000,,,1028396992
423,SO,75918057472,25.40511,2.4195342,0.115559995,,10821000000,,,1676000000
424,LUV,14825380864,30.703705,1.341207,0.01954,,5976000000,,,11733000192
425,SWK,14014159872,,1.5024655,-0.00319,,4411500000,,,347800000
426,SBUX,116830027776,28.709497,,0.11465,,8385400000,,,3953400064
427,STT,21718140928,10.2296505,1.0033787,0.20522,,12128000000,,,91109998592
428,STLD,18042484736,7.106437,2.0497077,0.13727,,6117831000,,,2266310912
429,STE,20075212800,36.743217,3.2490647,0.10519,,2159692000,,,213756992
430,SYK,111552372736,43.502224,6.2302947,0.13,,11646000000,,,1936000000
431,SYF,12343773184,5.4935546,0.94707435,0.30848,,8299000000,,,15642999808
432,SNPS,82534465536,81.24102,13.85509,0.18709,,4084781000,,,1834587008
433,SYY,36390440960,20.323944,17.113379,0.023540001,,,,,569104000
434,TMUS,172292390912,23.13354,2.6756945,0.09929,,47559000000,,,5030000128
435,TROW,21962631168,14.0,2.3372176,0.25495002,,3566000000,,,2578700032
436,TTWO,26585030656,,3.152312,-0.27829,,,,,801900032
437,TPR,7008507904,7.7811704,2.9013283,0.14034,,,,,654400000
438,TRGP,19586211840,23.055117,7.81912,0.08331,,4047700000,,,139500000
439,TGT,60688646144,16.746498,4.84967,0.03398,,26891000000,,,1910000000
440,TEL,40730697728,21.770763,3.5397701,0.119119994,,5244000000,,,1660999936
441,TDY,18854062080,24.216969,2.1616328,0.14017001,,2330300000,,,508600000
442,TFX,10336044032,25.695091,2.3959172,0.13649,,1550087000,,,948998976
443,TER,14139779072,43.0186,5.8052974,0.18410999,,1867151000,,,716531008
444,TSLA,748476694528,75.7074,13.99988,0.11213,,20853000000,,,26076999680
445,TXN,139491049472,19.869339,8.385565,0.39206,,13771000000,,,8947999744
446,TXT,15364831232,16.930885,2.1762304,0.07068,,2056000000,,,1671000064
447,TMO,189623648256,32.161205,4.1833663,0.13682,,18998000000,,,6151000064
448,TJX,102932881408,25.415255,15.246569,0.07853,,13787000000,,,4289999872
449,TSCO,21427113984,19.33561,10.1834345,0.075840004,,4972204000,,,421692992
450,TT,52010426368,26.669779,7.792172,0.11304,,4964800000,,,960000000
451,TDG,53695053824,44.044006,,0.19711,,3106000000,,,3575000064
452,TRV,40549957632,19.152102,2.0297475,0.0545,,8515000000,,,5080999936
453,TRMB,10980619264,32.696297,2.5286436,0.08969,,2192500000,,,216800000
454,TFC,42384035840,7.984925,0.76828235,0.25941,,22258000000,,,36983001088
455,TYL,17275975680,111.14363,6.0530744,0.08221,,783863000,,,143108992
456,TSN,17158091776,,0.94826734,-0.012250001,,6624000000,,,588000000
457,USB,57920774144,11.104478,1.2508407,0.22388001,,22142000000,,,67476000768
458,UDR,11848587264,24.166666,2.6712053,0.27806,,1009909000,,,15774000
459,ULTA,20416086016,16.642056,9.972588,0.11766,,,,,388627008
460,UNP,136720646144,21.503355,9.76234,0.26367,,13367000000,,,766000000
461,UAL,13025475584,4.5960646,1.4712856,0.0545,,13186000000,,,17086000128
462,UPS,129518313472,15.387651,6.7574897,0.09193,,25086000000,,,7278000128
463,URI,31674925056,13.588543,4.0810604,0.17151,,5023000000,,,284000000
464,UNH,506026426368,23.755968,5.9893804,0.06024,,79617000000,,,44096999424
465,UHS,9467029504,14.571428,1.561248,0.04822,,5162775000,,,80768000
466,VLO,42543005696,4.261937,1.6378531,0.07388,,19224000000,,,5831000064
467,VTR,18151407616,2255.5,1.8476346,0.0011100001,,1813583000,,,433936992
468,VLTO,18229256192,25.259386,,0.17165,,2760000000,,,426000000
469,VRSN,21770782720,30.374643,,0.49423,,1224200000,,,943500032
470,VRSK,34730188800,44.857674,90.32428,0.19042,,1672400000,,,418100000
471,VZ,157275389952,7.527163,1.6091014,0.15583,,77702000000,,,4310000128
472,VRTX,90972413952,26.524418,5.5122886,0.35939997,,5323100000,,,11928200192
473,VFC,6451569152,,2.9192328,-0.01889,,,,,498912000
474,VTRS,11312888832,6.2450333,0.5421722,0.11842,,7031900000,,,1389799936
475,VICI,29649629184,11.892116,1.2014253,0.6752,,2615211000,,,510884000
476,V,522164371456,30.675512,13.890102,0.52899,,28567000000,,,20128000000
477,VMC,28126556160,33.923077,3.780945,0.10745,,1557700000,,,340000000
478,WAB,20972353536,27.87143,2.030353,0.08015,,2583000000,,,408000000
479,WBA,18012628992,,0.8994823,-0.022149999,,27072000000,,,739000000
480,WMT,420044832768,25.96672,5.2892733,0.0255,,147568000000,,,12154000384
481,WBD,26458484736,,0.5907977,-0.11481,,13426000000,,,2465999872
482,WM,69281325056,30.498226,9.96986,0.11467,,7404000000,,,150000000
483,WAT,16578620416,25.513195,18.30461,0.21802999,,1723774000,,,337312000
484,WEC,25739495424,18.888887,2.1900163,0.14792,,3307500000,,,45900000
485,WFC,155869986816,9.371179,0.9656445,0.23997,,72247000000,,,423986987008
486,WELL,49601892352,169.09436,2.078145,0.03993,,2304610000,,,2582036992
487,WST,26137600000,47.609165,9.114271,0.19115,,1136200000,,,898600000
488,WDC,15109724160,,1.4929676,-0.21338,,,,,
489,WRK,9666316288,,0.9586427,-0.081190005,,4020700000,,,393400000
490,WY,23316232192,36.712643,2.279963,0.0817,,3620000000,,,1172999936
491,WHR,5988850688,,2.9093719,-0.08367,,3073000000,,,1123000064
492,WMB,44183277568,15.929825,3.7427862,0.26299998,,6078000000,,,2074000000
493,WTW,25224351744,25.849735,2.6821852,0.10989001,,4073000000,,,1247000064
494,GWW,40317861888,22.677275,13.070833,0.11165,,5849000000,,,601000000
495,WYNN,9974260736,315.39285,,0.0058399998,,1892903000,,,3579783936
496,XEL,33395904512,19.151897,1.9288629,0.1175,,5770000000,,,635000000
497,XYL,24893714432,42.14694,2.5040014,0.07287,,2088000000,,,705000000
498,YUM,36022378496,24.431557,,0.2132,,3307000000,,,687000000
499,ZBRA,11757239296,25.577654,3.902156,0.09157,,2624000000,,,102000000
500,ZBH,23704713216,50.190266,1.8949214,0.06516,,4920400000,,,292100000
501,ZION,5088917504,6.3611107,1.0438508,0.2719,,3030000000,,,4489999872
502,ZTS,82736930816,36.777554,16.307123,0.27236998,,5634000000,,,1754000000
